sn,symph,title,hit,time,isImg,comment_count,link,create_date
18361330,2,[속보] 이스라엘군 “앞으로 며칠안에 가자시티서 작전 예정”,3561,2023-10-13 13:32:04,0,7,/service/board/park/18361330?od=T31&po=635&category=0&groupCd=community,2023-10-29 18:40:42
18361331,1,(빠따질)특정팀에 유난히 약한 타자,2033,2023-10-13 13:32:46,1,10,/service/board/park/18361331?od=T31&po=635&category=0&groupCd=community,2023-10-29 18:40:42
18361332,0,삼성 엑시노스의 망함의 원흉은....,3014,2023-10-13 13:32:49,0,8,/service/board/park/18361332?od=T31&po=635&category=0&groupCd=community,2023-10-29 18:40:42
18361333,46,수박이 하려 했던 시나리오,11.4 k,2023-10-13 13:33:34,1,14,/service/board/park/18361333?od=T31&po=635&category=0&groupCd=community,2023-10-29 18:40:42
18361334,0,아이폰15 프로 사전예약 물량 받아왔는데...,3292,2023-10-13 13:34:37,1,22,/service/board/park/18361334?od=T31&po=635&category=0&groupCd=community,2023-10-29 18:40:42
18361335,1,갖고 싶은게 너무 많습니다,1359,2023-10-13 13:34:53,0,10,/service/board/park/18361335?od=T31&po=635&category=0&groupCd=community,2023-10-29 18:40:42
18361338,0,오늘 뮤비로 마블급 영화를 찍어서 컴백한 아이돌.,2211,2023-10-13 13:36:22,0,9,/service/board/park/18361338?od=T31&po=635&category=0&groupCd=community,2023-10-29 18:40:42
18361339,0,컴퓨터에 ssd를 교체하려고 하는데 윈도우 인증이 자동으로 되나요?,758,2023-10-13 13:36:57,0,8,/service/board/kin/18361339?od=T31&po=635&category=0&groupCd=community,2023-10-29 18:40:42
18361340,0,폴드4 완전쌩폰유저입니다,1490,2023-10-13 13:37:09,0,12,/service/board/park/18361340?od=T31&po=635&category=0&groupCd=community,2023-10-29 18:40:42
18361342,0,튀니지 축구 리그 열기,1783,2023-10-13 13:37:20,0,2,/service/board/park/18361342?od=T31&po=635&category=0&groupCd=community,2023-10-29 18:40:42
18361344,2,유엔 팔레스타인 난민구호기구가 가자지구의 남쪽으로 대피중이라 합니다,2052,2023-10-13 13:37:38,1,6,/service/board/park/18361344?od=T31&po=635&category=0&groupCd=community,2023-10-29 18:40:42
18361345,6,병원근무 1년동안 느낀 장점과 단점,3439,2023-10-13 13:37:52,0,5,/service/board/park/18361345?od=T31&po=635&category=0&groupCd=community,2023-10-29 18:40:42
18361346,0,호불호 확 갈리능 자취생 밥상,4022,2023-10-13 13:38:23,1,25,/service/board/park/18361346?od=T31&po=635&category=0&groupCd=community,2023-10-29 18:40:42
18361347,0,갤럭시 s21+를 사고싶네요,2181,2023-10-13 13:38:52,1,15,/service/board/park/18361347?od=T31&po=635&category=0&groupCd=community,2023-10-29 18:40:42
18361350,0,분명 키아누리부스 나오는 매트릭스 리저랙션을 봤는데요,2223,2023-10-13 13:40:25,0,16,/service/board/park/18361350?od=T31&po=635&category=0&groupCd=community,2023-10-29 18:40:42
18378864,0,발열 장갑 추천 부탁드립니다,968,2023-10-22 20:35:39,0,2,/service/board/kin/18378864?od=T31&po=272&category=0&groupCd=community,2023-10-29 17:19:40
18378866,3,전세금반환보증보험 꼭 드세요.,3627,2023-10-22 20:37:58,0,10,/service/board/park/18378866?od=T31&po=272&category=0&groupCd=community,2023-10-29 17:19:40
18378867,7,[제주도 여행기] 노래쟁이s 지릴뻔 하다.jpgif,2326,2023-10-22 20:38:27,1,16,/service/board/park/18378867?od=T31&po=272&category=0&groupCd=community,2023-10-29 17:19:40
18378868,2,일주일간 DEX로 버틴후기 (feat Parsec),3295,2023-10-22 20:38:54,0,8,/service/board/park/18378868?od=T31&po=272&category=0&groupCd=community,2023-10-29 17:19:40
18378869,4,전세사기 피해자 간담회에 참석했습니다,2208,2023-10-22 20:39:26,1,0,/service/board/park/18378869?od=T31&po=272&category=0&groupCd=community,2023-10-29 17:19:40
18378870,16,판사들 마음대로 피의자 형량 정하는거는 헌법 개선이 필요하죠...,3317,2023-10-22 20:39:56,0,15,/service/board/park/18378870?od=T31&po=272&category=0&groupCd=community,2023-10-29 17:19:40
18378871,6,1986년 석촌호수.jpg,16.6 k,2023-10-22 20:40:20,1,36,/service/board/park/18378871?od=T31&po=272&category=0&groupCd=community,2023-10-29 17:19:40
18378872,0,앞니에 크랙이 생긴듯 합니다..,1179,2023-10-22 20:40:38,0,8,/service/board/kin/18378872?od=T31&po=272&category=0&groupCd=community,2023-10-29 17:19:40
18378874,0,23시부터 24시까지 서버점검이라고요.,892,2023-10-22 20:41:24,0,0,/service/board/park/18378874?od=T31&po=272&category=0&groupCd=community,2023-10-29 17:19:40
18378875,3,간만에 보양식 한그릇 부시고 왔습니다,2251,2023-10-22 20:41:26,1,2,/service/board/park/18378875?od=T31&po=272&category=0&groupCd=community,2023-10-29 17:19:40
18378877,0,노출은 사실상 사용기가 전부일텐데.blog,5652,2023-10-22 20:41:31,1,2,/service/board/park/18378877?od=T31&po=272&category=0&groupCd=community,2023-10-29 17:19:40
18378879,6,Tv조선 피셜) 원희룡 저 인간이 인천 계양구 을에 나올 예정이라고 합니다! (2023.10.,6453,2023-10-22 20:42:10,1,17,/service/board/park/18378879?od=T31&po=272&category=0&groupCd=community,2023-10-29 17:19:40
18378881,0,젊은사람들이 일본 여행 많이가는 이유는 이거일듯요,7441,2023-10-22 20:42:23,1,24,/service/board/park/18378881?od=T31&po=272&category=0&groupCd=community,2023-10-29 17:19:40
18378883,1,햄버거,1460,2023-10-22 20:44:11,1,1,/service/board/image/18378883?od=T31&po=272&category=0&groupCd=community,2023-10-29 17:19:40
18378884,2,윤석렬 영어 철자가 틀렸네요,4270,2023-10-22 20:44:15,0,4,/service/board/park/18378884?od=T31&po=272&category=0&groupCd=community,2023-10-29 17:19:40
18378886,0,셔츠 건조할 때 버튼 잠그세요?,1160,2023-10-22 20:45:58,0,7,/service/board/kin/18378886?od=T31&po=272&category=0&groupCd=community,2023-10-29 17:19:40
18378887,0,검은사막 월드거점전 시작하자마자 버그 터지고 난리났나보네요,1635,2023-10-22 20:46:15,0,4,/service/board/park/18378887?od=T31&po=272&category=0&groupCd=community,2023-10-29 17:19:40
18378889,1,중국에서의 갤럭시 근황,12.6 k,2023-10-22 20:49:03,1,18,/service/board/park/18378889?od=T31&po=272&category=0&groupCd=community,2023-10-29 17:19:40
18378890,0,요즘 사극 주인공 무쌍 영상미,3551,2023-10-22 20:50:21,1,0,/service/board/park/18378890?od=T31&po=272&category=0&groupCd=community,2023-10-29 17:19:40
18378892,2,푸바오 응석에 지친 엄마팬더,4734,2023-10-22 20:53:19,1,0,/service/board/park/18378892?od=T31&po=272&category=0&groupCd=community,2023-10-29 17:19:40
18378894,0,엠비씨 스트레이트 김행랑,2926,2023-10-22 20:55:25,0,1,/service/board/park/18378894?od=T31&po=272&category=0&groupCd=community,2023-10-29 17:19:40
18378895,7,수원 전세사기 사태는 일부 양심불량 중개사들에게도 책임이 있습니다.,3943,2023-10-22 20:55:35,1,7,/service/board/park/18378895?od=T31&po=272&category=0&groupCd=community,2023-10-29 17:19:40
18378896,1,와이프가.. 출장갔다와서 승리주를 사왔네요..?ㅋㅋ,5057,2023-10-22 20:55:37,1,4,/service/board/park/18378896?od=T31&po=272&category=0&groupCd=community,2023-10-29 17:19:40
18378897,0,하드렌즈 세척중에 깨졌습니다 -_-,2296,2023-10-22 20:56:32,0,13,/service/board/park/18378897?od=T31&po=272&category=0&groupCd=community,2023-10-29 17:19:40
18378898,2,다음주 일본 짱구는 못말려에 나오는 k팝가수,3580,2023-10-22 20:57:20,0,4,/service/board/park/18378898?od=T31&po=272&category=0&groupCd=community,2023-10-29 17:19:40
18378901,6,엠장) 뭔가 낯설은(?) 묘장군.jpg,7399,2023-10-22 20:59:41,1,5,/service/board/park/18378901?od=T31&po=272&category=0&groupCd=community,2023-10-29 17:19:40
18378903,0,"사우디, 윤석열 방문 기사가 거의 없군요.",2774,2023-10-22 21:00:15,0,6,/service/board/park/18378903?od=T31&po=272&category=0&groupCd=community,2023-10-29 17:19:40
18378906,2,[펌] 신원식의 '붕짜자 붕짜' 미스테리를 찾아서,3110,2023-10-22 21:01:54,0,2,/service/board/park/18378906?od=T31&po=272&category=0&groupCd=community,2023-10-29 17:19:40
18378907,104,CRUSH (10.29 이태원 참사 다큐) 마지막 장면,10.1 k,2023-10-22 21:02:06,0,8,/service/board/park/18378907?od=T31&po=272&category=0&groupCd=community,2023-10-29 17:19:40
18378908,9,2019년 10월 서초는 뜨거웠네요,2843,2023-10-22 21:02:16,1,0,/service/board/park/18378908?od=T31&po=272&category=0&groupCd=community,2023-10-29 17:19:40
18378910,1,빠른 포기는 빠른 회복,1370,2023-10-22 21:02:45,0,0,/service/board/park/18378910?od=T31&po=271&category=0&groupCd=community,2023-10-29 17:19:35
18378911,2,쓰리인줄 알았던 버거킹 지갑 분실 진행 상황,7862,2023-10-22 21:04:47,1,17,/service/board/park/18378911?od=T31&po=271&category=0&groupCd=community,2023-10-29 17:19:35
18378916,0,차랼 블랙박스 상시전원 해제,1262,2023-10-22 21:07:19,1,2,/service/board/kin/18378916?od=T31&po=271&category=0&groupCd=community,2023-10-29 17:19:35
18378917,8,[신동아]의 윤석열 중간평가,5733,2023-10-22 21:07:32,0,10,/service/board/park/18378917?od=T31&po=271&category=0&groupCd=community,2023-10-29 17:19:35
18378918,0,== 10월 4주차 날씨예보 ==,1297,2023-10-22 21:08:06,0,9,/service/board/park/18378918?od=T31&po=271&category=0&groupCd=community,2023-10-29 17:19:35
18378919,0,"전기차가 궁금해서 아이오닉5 시승해 보고 왔습니다,",3153,2023-10-22 21:08:15,0,9,/service/board/park/18378919?od=T31&po=271&category=0&groupCd=community,2023-10-29 17:19:35
18378924,0,그냥 티스토리나 써야 되겠군요...,1827,2023-10-22 21:12:14,0,6,/service/board/park/18378924?od=T31&po=271&category=0&groupCd=community,2023-10-29 17:19:35
18378925,0,통조림 캔에 필로폰 밀수한 중국동포 조직‥강남 '마약 음료'에도 연루?,2314,2023-10-22 21:12:34,1,5,/service/board/park/18378925?od=T31&po=271&category=0&groupCd=community,2023-10-29 17:19:35
18378926,39,로이터에서 제공하는 이태원 참사 경위 링크입니다,5057,2023-10-22 21:13:16,0,2,/service/board/park/18378926?od=T31&po=271&category=0&groupCd=community,2023-10-29 17:19:35
18378928,5,"물가 오르니.. 음식퀄리티.. 폭망이네요.. ( BBQ, 교촌, 프랭크, 크라이 )",7153,2023-10-22 21:13:59,0,25,/service/board/park/18378928?od=T31&po=271&category=0&groupCd=community,2023-10-29 17:19:35
18378929,60,박주민 의원 - 전세사기 보완입법 12월 진행,6064,2023-10-22 21:14:37,1,16,/service/board/park/18378929?od=T31&po=271&category=0&groupCd=community,2023-10-29 17:19:35
18378930,1,8407번은 언제쯤 공공버스로 전환될지 모르겠네요...,1318,2023-10-22 21:15:14,1,5,/service/board/park/18378930?od=T31&po=271&category=0&groupCd=community,2023-10-29 17:19:35
18378932,1,자연재해는 심해지고 디지털기술로 대비해야하는데 예산은 0원,1283,2023-10-22 21:18:39,1,2,/service/board/park/18378932?od=T31&po=271&category=0&groupCd=community,2023-10-29 17:19:35
18378934,0,출근 12시간전 안드로이드(구글) TV 질문 받아 봅니다.,1247,2023-10-22 21:23:22,0,6,/service/board/park/18378934?od=T31&po=271&category=0&groupCd=community,2023-10-29 17:19:35
18378935,5,아니 뭐 이런 개쓰레기 같은 문자가…,5045,2023-10-22 21:24:07,1,4,/service/board/park/18378935?od=T31&po=271&category=0&groupCd=community,2023-10-29 17:19:35
18378936,2,Natalie Imbruglia의 Torn이라는 곡을 아시나요?,989,2023-10-22 21:24:19,0,26,/service/board/park/18378936?od=T31&po=271&category=0&groupCd=community,2023-10-29 17:19:35
18378937,2,제대로 경양식 돈까스 겁나 땡기는군요.,4924,2023-10-22 21:24:29,1,13,/service/board/park/18378937?od=T31&po=271&category=0&groupCd=community,2023-10-29 17:19:35
18378938,0,오늘 신구대 식물원에 갔다 왔습니다.,2267,2023-10-22 21:24:51,1,0,/service/board/park/18378938?od=T31&po=271&category=0&groupCd=community,2023-10-29 17:19:35
18378939,3,로보캅 & Cyberpunk2077,3015,2023-10-22 21:25:40,1,5,/service/board/park/18378939?od=T31&po=271&category=0&groupCd=community,2023-10-29 17:19:35
18378940,3,코로나 백신 5회차!,2436,2023-10-22 21:25:56,1,5,/service/board/park/18378940?od=T31&po=271&category=0&groupCd=community,2023-10-29 17:19:35
18378941,1,독일 사람이 발음하기 어려운 한국어 '이름',8737,2023-10-22 21:26:30,1,15,/service/board/park/18378941?od=T31&po=271&category=0&groupCd=community,2023-10-29 17:19:35
18378942,0,이두나 완주 했습니다.,3140,2023-10-22 21:27:00,0,2,/service/board/park/18378942?od=T31&po=271&category=0&groupCd=community,2023-10-29 17:19:35
18378943,2,혈압 아주 좋아졌네요 👏,5552,2023-10-22 21:27:17,1,12,/service/board/park/18378943?od=T31&po=271&category=0&groupCd=community,2023-10-29 17:19:35
18378944,16,크러쉬 보는중입니다.,6852,2023-10-22 21:27:37,1,8,/service/board/park/18378944?od=T31&po=271&category=0&groupCd=community,2023-10-29 17:19:35
18378945,0,행운의편지 카톡버전,2010,2023-10-22 21:28:47,0,4,/service/board/park/18378945?od=T31&po=271&category=0&groupCd=community,2023-10-29 17:19:35
18378947,13,혼밥하면 앞에 강아지가 있어주는 설렁탕집,9721,2023-10-22 21:29:39,1,23,/service/board/park/18378947?od=T31&po=271&category=0&groupCd=community,2023-10-29 17:19:35
18378954,0,트위터가 별걸 다 제공하네요?,2962,2023-10-22 21:38:28,1,2,/service/board/park/18378954?od=T31&po=271&category=0&groupCd=community,2023-10-29 17:19:35
18378955,2,하이트 제로 괜찮네요~,1630,2023-10-22 21:39:50,0,8,/service/board/park/18378955?od=T31&po=271&category=0&groupCd=community,2023-10-29 17:19:35
18378956,4,국내에 세계 양대 가전업체가 있다는게 그래도 꽤 축복인듯합니다,6879,2023-10-22 21:40:33,0,23,/service/board/park/18378956?od=T31&po=271&category=0&groupCd=community,2023-10-29 17:19:35
18378957,16,고니 셀카모드,2594,2023-10-22 21:43:45,1,7,/service/board/park/18378957?od=T31&po=271&category=0&groupCd=community,2023-10-29 17:19:35
18378958,0,Charlie Puth (찰리 푸스) 콘서트 다녀왔습니다.,1871,2023-10-22 21:43:53,0,5,/service/board/park/18378958?od=T31&po=270&category=0&groupCd=community,2023-10-29 17:19:30
18378959,3,고양이 발(?) 보고 가세용,2949,2023-10-22 21:44:26,1,7,/service/board/park/18378959?od=T31&po=270&category=0&groupCd=community,2023-10-29 17:19:30
18378961,25,"“김한길, 비명계 포함 ‘제3지대’ 구상”.gisa",9547,2023-10-22 21:45:12,1,30,/service/board/park/18378961?od=T31&po=270&category=0&groupCd=community,2023-10-29 17:19:30
18378962,1,체리 MX 1.1 TKL 세일 하길래...,2580,2023-10-22 21:46:47,1,4,/service/board/park/18378962?od=T31&po=270&category=0&groupCd=community,2023-10-29 17:19:30
18378964,1,장원영 갓기시절,8283,2023-10-22 21:48:38,1,6,/service/board/park/18378964?od=T31&po=270&category=0&groupCd=community,2023-10-29 17:19:30
18378965,0,아라문의 검은 망한거죠?,5294,2023-10-22 21:48:40,0,19,/service/board/park/18378965?od=T31&po=270&category=0&groupCd=community,2023-10-29 17:19:30
18378966,1,카라타 에리카 복귀했네요 ?,6087,2023-10-22 21:50:32,0,5,/service/board/park/18378966?od=T31&po=270&category=0&groupCd=community,2023-10-29 17:19:30
18378968,0,아덱스 다녀왔는데..,2597,2023-10-22 21:53:26,1,4,/service/board/park/18378968?od=T31&po=270&category=0&groupCd=community,2023-10-29 17:19:30
18378972,1,히히 두개를 합치면 최강 이겠죠?.jpg,5328,2023-10-22 21:57:44,1,3,/service/board/park/18378972?od=T31&po=270&category=0&groupCd=community,2023-10-29 17:19:30
18378974,0,결막염이 유행인가봅니다. ㅠㅠ,1870,2023-10-22 21:59:32,0,2,/service/board/park/18378974?od=T31&po=270&category=0&groupCd=community,2023-10-29 17:19:30
18378975,2,유튜브 로딩이 몇일 전 부터 갑자기 느려졌네요.,1621,2023-10-22 21:59:39,0,8,/service/board/park/18378975?od=T31&po=270&category=0&groupCd=community,2023-10-29 17:19:30
18378977,4,"[속보] 이재명, 與 여야 대표 회담 제안에 내일 입장 밝힐 듯 (2023.10.22/YTN)",6965,2023-10-22 22:00:38,0,11,/service/board/park/18378977?od=T31&po=270&category=0&groupCd=community,2023-10-29 17:19:30
18378979,1,부산동기에게 깨워달라고 했을때요jpg,5162,2023-10-22 22:02:21,1,12,/service/board/park/18378979?od=T31&po=270&category=0&groupCd=community,2023-10-29 17:19:30
18378980,0,갤럭시 쓰는 여자.jpg,11.3 k,2023-10-22 22:02:48,1,19,/service/board/park/18378980?od=T31&po=270&category=0&groupCd=community,2023-10-29 17:19:30
18378981,1,최근일주일 아파트 거래 현황,6399,2023-10-22 22:03:19,1,2,/service/board/park/18378981?od=T31&po=270&category=0&groupCd=community,2023-10-29 17:19:30
18378984,0,은평구 폭죽 소리 멀까요??,2749,2023-10-22 22:04:21,0,6,/service/board/park/18378984?od=T31&po=270&category=0&groupCd=community,2023-10-29 17:19:30
18378985,19,[슘봉 나잇] 슈미와 대봉이의 일상 모습들.jpgif,2183,2023-10-22 22:05:09,1,18,/service/board/park/18378985?od=T31&po=270&category=0&groupCd=community,2023-10-29 17:19:30
18378986,90,마포구에 어느정당 입니다...,12.0 k,2023-10-22 22:06:02,1,20,/service/board/park/18378986?od=T31&po=270&category=0&groupCd=community,2023-10-29 17:19:30
18378989,1,인구 증가 해법을 찾았습니다만,3806,2023-10-22 22:08:12,1,11,/service/board/park/18378989?od=T31&po=270&category=0&groupCd=community,2023-10-29 17:19:30
18378990,46,서울 아파트 팔고 22평 폐가를 산 'IT 회사원' 이었던 40대 아빠,24.3 k,2023-10-22 22:08:17,1,25,/service/board/park/18378990?od=T31&po=270&category=0&groupCd=community,2023-10-29 17:19:30
18378991,54,금일 mbc 스트레이트,10.8 k,2023-10-22 22:09:11,0,6,/service/board/park/18378991?od=T31&po=270&category=0&groupCd=community,2023-10-29 17:19:30
18378992,0,순토에서 골전도 이어폰이 나왔군요,3450,2023-10-22 22:09:24,0,6,/service/board/park/18378992?od=T31&po=270&category=0&groupCd=community,2023-10-29 17:19:30
18378995,9,줄거리는 평범하지만 유명한 소설.jpg,8609,2023-10-22 22:12:10,1,3,/service/board/park/18378995?od=T31&po=270&category=0&groupCd=community,2023-10-29 17:19:30
18378996,25,엔드게임의 장례식 장면은요.jpg,15.4 k,2023-10-22 22:14:43,1,10,/service/board/park/18378996?od=T31&po=270&category=0&groupCd=community,2023-10-29 17:19:30
18378997,16,98년부터 ADEX를 다녀봤지만.. 오늘 같은 경우는 처음 이었네요,8656,2023-10-22 22:15:49,1,9,/service/board/park/18378997?od=T31&po=270&category=0&groupCd=community,2023-10-29 17:19:30
18378999,1,미립자) 샤오미 캐리어 20인치/24인치 호환성,4890,2023-10-22 22:19:20,1,12,/service/board/park/18378999?od=T31&po=270&category=0&groupCd=community,2023-10-29 17:19:30
18379000,63,쓰레기같은 인성인 인간들 많네요,19.0 k,2023-10-22 22:20:41,1,41,/service/board/park/18379000?od=T31&po=270&category=0&groupCd=community,2023-10-29 17:19:30
18379002,5,주말에 산책을 갔다 왔습니다.,2102,2023-10-22 22:21:50,1,1,/service/board/park/18379002?od=T31&po=270&category=0&groupCd=community,2023-10-29 17:19:30
18379003,0,긍정적인 대화를 위해서 왜를 빼봅시다.jpg,5059,2023-10-22 22:22:01,0,15,/service/board/park/18379003?od=T31&po=270&category=0&groupCd=community,2023-10-29 17:19:30
18379004,1,30분 넘게 웨이팅해서 고기를 먹었네요.,7944,2023-10-22 22:22:25,1,8,/service/board/park/18379004?od=T31&po=270&category=0&groupCd=community,2023-10-29 17:19:30
18379005,0,가자지구 이남쪽 대피안하면 테러범..이스라엘은 부인/미국 사드배치/이집트회의 맹탕,1612,2023-10-22 22:22:51,1,1,/service/board/park/18379005?od=T31&po=269&category=0&groupCd=community,2023-10-29 17:19:26
18379006,17,김남국 의원 - 안산의 자율방범대 / 이재명 성남 시장 - 성남시민순찰대,3344,2023-10-22 22:23:04,1,1,/service/board/park/18379006?od=T31&po=269&category=0&groupCd=community,2023-10-29 17:19:26
18379008,0,위스키 온더락으로 먹을때,4046,2023-10-22 22:25:01,1,7,/service/board/park/18379008?od=T31&po=269&category=0&groupCd=community,2023-10-29 17:19:26
18379010,0,g102 마우스 더블클릭 증상을 수리하다가,2361,2023-10-22 22:25:19,1,18,/service/board/park/18379010?od=T31&po=269&category=0&groupCd=community,2023-10-29 17:19:26
18379013,19,식당을 갔는데 기분 좋을 때?.jpg,13.4 k,2023-10-22 22:26:45,1,14,/service/board/park/18379013?od=T31&po=269&category=0&groupCd=community,2023-10-29 17:19:26
18379017,0,배달 전문점.jpg,5348,2023-10-22 22:35:29,1,2,/service/board/park/18379017?od=T31&po=269&category=0&groupCd=community,2023-10-29 17:19:26
18379019,2,육퇴후 제로 맥주 하나 땄습니다,4051,2023-10-22 22:37:42,1,9,/service/board/park/18379019?od=T31&po=269&category=0&groupCd=community,2023-10-29 17:19:26
18379020,3,국정원.jpg,6806,2023-10-22 22:39:28,1,1,/service/board/park/18379020?od=T31&po=269&category=0&groupCd=community,2023-10-29 17:19:26
18379022,0,클릭질로 먹고 사는 기데기 언론들..,1936,2023-10-22 22:41:03,1,0,/service/board/park/18379022?od=T31&po=269&category=0&groupCd=community,2023-10-29 17:19:26
18379023,0,저격수가 탱크 포탑의 포탄을 맞추면 .??,1406,2023-10-22 22:41:54,0,2,/service/board/kin/18379023?od=T31&po=269&category=0&groupCd=community,2023-10-29 17:19:26
18379028,2,영월,2345,2023-10-22 22:47:10,1,4,/service/board/park/18379028?od=T31&po=269&category=0&groupCd=community,2023-10-29 17:19:26
18379029,0,내년 ios 18 ai 관련해서 뭐가 나오기는 하나보네요,3686,2023-10-22 22:47:29,1,1,/service/board/park/18379029?od=T31&po=269&category=0&groupCd=community,2023-10-29 17:19:26
18379030,15,묘하게 킹받는 컵,10.3 k,2023-10-22 22:48:50,1,10,/service/board/park/18379030?od=T31&po=269&category=0&groupCd=community,2023-10-29 17:19:26
18379031,3,효과적인 흡연방지 문구,5410,2023-10-22 22:48:55,1,7,/service/board/park/18379031?od=T31&po=269&category=0&groupCd=community,2023-10-29 17:19:26
18379032,13,'인헌고 사태'일으켰던 현 관악구의원 최인호씨 구의회에서 했던짓.jpg,6997,2023-10-22 22:50:33,1,7,/service/board/park/18379032?od=T31&po=269&category=0&groupCd=community,2023-10-29 17:19:26
18379034,1,일본 배우라는데 누구시죠?,8861,2023-10-22 22:51:49,0,10,/service/board/park/18379034?od=T31&po=269&category=0&groupCd=community,2023-10-29 17:19:26
18379035,6,신호위반 절대금지 과속금지.jpg,10.1 k,2023-10-22 22:52:14,1,3,/service/board/park/18379035?od=T31&po=269&category=0&groupCd=community,2023-10-29 17:19:26
18379036,1,상냥함을 유지하세여.jpg,5499,2023-10-22 22:52:45,1,1,/service/board/park/18379036?od=T31&po=269&category=0&groupCd=community,2023-10-29 17:19:26
18379037,5,해무,1817,2023-10-22 22:52:57,1,0,/service/board/park/18379037?od=T31&po=269&category=0&groupCd=community,2023-10-29 17:19:26
18379039,1,룬따라간 기업인들 수십조 뜯기고 오겠네요,4695,2023-10-22 22:54:33,0,4,/service/board/park/18379039?od=T31&po=269&category=0&groupCd=community,2023-10-29 17:19:26
18379043,12,요즘같이 각박한 세상에 진한 우정을 보여주는,4274,2023-10-22 22:57:30,1,1,/service/board/park/18379043?od=T31&po=269&category=0&groupCd=community,2023-10-29 17:19:26
18379044,4,데일리 재즈 883 - Wait For The Moment,492,2023-10-22 22:57:39,1,0,/service/board/park/18379044?od=T31&po=269&category=0&groupCd=community,2023-10-29 17:19:26
18379045,5,[락 좋아하세요?] Promises - The Cranberries,749,2023-10-22 22:57:41,0,1,/service/board/park/18379045?od=T31&po=269&category=0&groupCd=community,2023-10-29 17:19:26
18379049,0,해변에서 새 잡는 처자.gif,9581,2023-10-22 23:00:08,0,7,/service/board/park/18379049?od=T31&po=269&category=0&groupCd=community,2023-10-29 17:19:26
